source_field,source_code,target_field,target_code,target_desc
CRIT_STRCT, ,CRIT_STRCT,,
CRIT_STRCT,N (no),CRIT_STRCT,N,no
CRIT_STRCT,No,CRIT_STRCT,N,no
CRIT_STRCT,not critical,CRIT_STRCT,N,no
CRIT_STRCT,n / a,CRIT_STRCT,NA,not applicable
CRIT_STRCT,n \ a,CRIT_STRCT,NA,not applicable
CRIT_STRCT,n/a,CRIT_STRCT,NA,not applicable
CRIT_STRCT,na,CRIT_STRCT,NA,not applicable
CRIT_STRCT,Possibly,CRIT_STRCT,UK,unknown
CRIT_STRCT,critical,CRIT_STRCT,Y,yes
CRIT_STRCT,Municipal Critical,CRIT_STRCT,Y,yes
CRIT_STRCT,Y,CRIT_STRCT,Y,yes
CRIT_STRCT,Y (yes),CRIT_STRCT,Y,yes
CRIT_STRCT,Yes,CRIT_STRCT,Y,yes
CRIT_STRCT,,CRIT_STRCT,,
NET_TYP, ,SEWERTYPE,,
NET_TYP,CB (combined),SEWERTYPE,COM,combined
NET_TYP,CCTV ONlY,SEWERTYPE,ZZ,other
NET_TYP,COM,SEWERTYPE,COM,combined
NET_TYP,Combined,SEWERTYPE,COM,combined
NET_TYP,"Combined, Separte",SEWERTYPE,COM,combined
NET_TYP,FM (force main),SEWERTYPE,SAN,sanitary
NET_TYP,LAT,SEWERTYPE,ZZ,other
NET_TYP,Lateral,SEWERTYPE,ZZ,other
NET_TYP,n / a,SEWERTYPE,NA,not applicable
NET_TYP,na,SEWERTYPE,NA,not applicable
NET_TYP,Old Coal Chute ?,SEWERTYPE,ZZ,other
NET_TYP,Overflow,SEWERTYPE,ZZ,other
NET_TYP,Relief,SEWERTYPE,ZZ,other
NET_TYP,SAN,SEWERTYPE,SAN,sanitary
NET_TYP,Sanitary,SEWERTYPE,SAN,sanitary
NET_TYP,Sanitary ?,SEWERTYPE,SAN,sanitary
NET_TYP,Sanitary Sewer,SEWERTYPE,SAN,sanitary
NET_TYP,Separate,SEWERTYPE,SAN,sanitary
NET_TYP,Separate Sanitary,SEWERTYPE,SAN,sanitary
NET_TYP,Seperate Sanitary,SEWERTYPE,SAN,sanitary
NET_TYP,SS (sanitary sewer),SEWERTYPE,SAN,sanitary
NET_TYP,SS (sanitary),SEWERTYPE,SAN,sanitary
NET_TYP,ST (stormwater),SEWERTYPE,STM,stormwater
NET_TYP,Storm,SEWERTYPE,STM,stormwater
NET_TYP,STORM,SEWERTYPE,STM,stormwater
NET_TYP,Storm - 2014,SEWERTYPE,STM,stormwater
NET_TYP,Storm - 2015,SEWERTYPE,STM,stormwater
NET_TYP,Storm ?,SEWERTYPE,STM,stormwater
NET_TYP,STORM LINE,SEWERTYPE,STM,stormwater
NET_TYP,Stormwater,SEWERTYPE,STM,stormwater
NET_TYP,Stormwater ?,SEWERTYPE,STM,stormwater
NET_TYP,Stormwater_Combined,SEWERTYPE,STM,stormwater
NET_TYP,SW,SEWERTYPE,STM,stormwater
NET_TYP,SW (stormwater),SEWERTYPE,STM,stormwater
NET_TYP,Telephone,SEWERTYPE,ZZ,other
NET_TYP,TT (telephone),SEWERTYPE,ZZ,other
NET_TYP,Utility,SEWERTYPE,ZZ,other
NET_TYP,Water,SEWERTYPE,ZZ,other
NET_TYP,Water Co.,SEWERTYPE,ZZ,other
NET_TYP,Water Utility,SEWERTYPE,ZZ,other
NET_TYP,Wye,SEWERTYPE,ZZ,other
NET_TYP,,SEWERTYPE,ZZ,other
OWNER_NAME, ,OWNER_NAME,,
OWNER_NAME,Added for CCTV,OWNER_NAME,,
OWNER_NAME,Alcosan,OWNER_NAME,ACSA,Allegheny County Sanitary Authority
OWNER_NAME,AlleghenyCountySanitaryAuthority,OWNER_NAME,ACSA,Allegheny County Sanitary Authority
OWNER_NAME,Aspinwall Borough,OWNER_NAME,ASPI,Aspinwall Borough
OWNER_NAME,Bell Telephone,OWNER_NAME,PCOM,
OWNER_NAME,Braddock Borough,OWNER_NAME,BRAD,Braddock Borough
OWNER_NAME,BRADDOCK HILLS,OWNER_NAME,BHIL,Braddock Hills Borough
OWNER_NAME,Braddock Hills Borough,OWNER_NAME,BHIL,Braddock Hills Borough
OWNER_NAME,Braddock Water Authority,OWNER_NAME,BWAU,Braddock Water Authority
OWNER_NAME,BraddockHills,OWNER_NAME,BHIL,Braddock Hills Borough
OWNER_NAME,Chalfant,OWNER_NAME,CHAL,Chalfant Borough
OWNER_NAME,Chalfant / Falls Run Multi-Ownership,OWNER_NAME,CHAL-FRMO,Chalfant Borough / Falls Run Multi-Ownership
OWNER_NAME,Chalfant Borough,OWNER_NAME,CHAL,Chalfant Borough
OWNER_NAME,City of McKeesport,OWNER_NAME,MCKE,City of McKeesport
OWNER_NAME,DUPLICATE - for CCTV only,OWNER_NAME,,
OWNER_NAME,East McKeesport Borough,OWNER_NAME,EPIT,East Pittsburgh Borough
OWNER_NAME,East Pittsburgh Borough,OWNER_NAME,EPIT,East Pittsburgh Borough
OWNER_NAME,East_McKeesport_Borough,OWNER_NAME,EMCK,East McKeesport Borough
OWNER_NAME,EastPittsburgh,OWNER_NAME,EPIT,East Pittsburgh Borough
OWNER_NAME,EastPittsburghBorough,OWNER_NAME,EPIT,East Pittsburgh Borough
OWNER_NAME,Edgewood Borough,OWNER_NAME,EDGE,Edgewood Borough
OWNER_NAME,Etna Borough,OWNER_NAME,ETNA,Etna Borough
OWNER_NAME,Falls Run Authority,OWNER_NAME,FRMO,Falls Run Multi-Ownership
OWNER_NAME,Falls Run Multi-Ownership,OWNER_NAME,FRMO,Falls Run Multi-Ownership
OWNER_NAME,FallsRunMulti-Ownership,OWNER_NAME,FRMO,Falls Run Multi-Ownership
OWNER_NAME,Forest Hills,OWNER_NAME,FHIL,Forest Hills Borough
OWNER_NAME,Forest Hills / Nine Mile Run Joint Ownership,OWNER_NAME,FHIL-NMRJO,Forest Hills Borough / Nine Mile Run Joint Ownership
OWNER_NAME,ForestHills,OWNER_NAME,FHIL,Forest Hills Borough
OWNER_NAME,Fox Chapel Borough,OWNER_NAME,FCHA,Fox Chapel Borough
OWNER_NAME,FoxChapel,OWNER_NAME,FCHA,Fox Chapel Borough
OWNER_NAME,Girtys Run Authority,OWNER_NAME,GRJS,Girty's Run Joint Sewer Authority
OWNER_NAME,Homestead Borough,OWNER_NAME,HOMS,Homestead Borough
OWNER_NAME,Lateral - Private,OWNER_NAME,PRIV,Private
OWNER_NAME,Lindie,OWNER_NAME,PRIV,Private
OWNER_NAME,Monroeville,OWNER_NAME,MONR,Monroeville Municipality
OWNER_NAME,Monroeville Municipal Authority,OWNER_NAME,MMAU,Monroeville Municipal Authority
OWNER_NAME,Monroeville. Municipality of,OWNER_NAME,MONR,Monroeville Municipality
OWNER_NAME,Multi-Lateral ?,OWNER_NAME,UNKN,Unknown Owner
OWNER_NAME,Munhall,OWNER_NAME,MUNH,Munhall Borough
OWNER_NAME,Munhall Borough,OWNER_NAME,MUNH,Munhall Borough
OWNER_NAME,Municipality of Monroeville,OWNER_NAME,MONR,Monroeville Municipality
OWNER_NAME,North Braddock / Falls Run Multi-Ownership,OWNER_NAME,NBRA-FRMO,North Braddock Borough/Falls Run Multi-Ownership
OWNER_NAME,North Braddock Borough,OWNER_NAME,NBRA,North Braddock Borough
OWNER_NAME,North Versailles Township Sanitary Authority,OWNER_NAME,NVTS,North Versailles Township Sanitary Authority
OWNER_NAME,NorthHuntingdon,OWNER_NAME,NHUN,North Huntingdon Township
OWNER_NAME,NorthVersaillesTownshipSanitaryAuthority,OWNER_NAME,NVER,North Versailles Township
OWNER_NAME,Ohara,OWNER_NAME,OHAR,O'Hara Township
OWNER_NAME,OHara Township,OWNER_NAME,OHAR,O'Hara Township
OWNER_NAME,Ohara Township,OWNER_NAME,OHAR,O'Hara Township
OWNER_NAME,O'Hara Township,OWNER_NAME,OHAR,O'Hara Township
OWNER_NAME,PennHills_WaterPollutionCtlDept,OWNER_NAME,PHWP,Penn Hills Water Pollution Control Department
OWNER_NAME,Pipe Disconnected 9 Ft. below manhole JR508,OWNER_NAME,UNKN,Unknown Owner
OWNER_NAME,Pittsburgh Water & Sewer Authority,OWNER_NAME,PWSA,Pittsburgh Water and Sewer Authority
OWNER_NAME,Point Pleasant Senior Citizens Home,OWNER_NAME,PRES,Private - Residential
OWNER_NAME,Private,OWNER_NAME,PRIV,Private
OWNER_NAME,Private - Chalfant,OWNER_NAME,PRIV,Private
OWNER_NAME,Private - Cut Off from System,OWNER_NAME,PRIV,Private
OWNER_NAME,Private - Giant Eagle,OWNER_NAME,PCOM,Private - Commercial
OWNER_NAME,Private - Housing Association,OWNER_NAME,PRES,Private - Residential
OWNER_NAME,Private - in Sharpsburg,OWNER_NAME,PRIV,Private
OWNER_NAME,Private - Kmart,OWNER_NAME,PCOM,Private - Commercial
OWNER_NAME,Private - RIDC,OWNER_NAME,PIND-RIDC,Private - Industrial - RIDC
OWNER_NAME,Private - School District,OWNER_NAME,DIST,School District
OWNER_NAME,Private - to owner 2014,OWNER_NAME,PRIV,Private
OWNER_NAME,Private - Wilkins,OWNER_NAME,PRIV,Private
OWNER_NAME,Private ?,OWNER_NAME,PRIV,Private
OWNER_NAME,Private Connection,OWNER_NAME,PRIV,Private
OWNER_NAME,Private Lilne,OWNER_NAME,PRIV,Private
OWNER_NAME,Private Line,OWNER_NAME,PRIV,Private
OWNER_NAME,Private Line - Berardi,OWNER_NAME,PRIV,Private
OWNER_NAME,Private or WWMA,OWNER_NAME,PRIV,Private
OWNER_NAME,Proposed,OWNER_NAME,UNKN,Unknown Owner
OWNER_NAME,Proposed Manhole,OWNER_NAME,UNKN,Unknown Owner
OWNER_NAME,PWSA,OWNER_NAME,PWSA,Pittsburgh Water and Sewer Authority
OWNER_NAME,Rankin,OWNER_NAME,RANK,Rankin Borough
OWNER_NAME,Rankin Borough,OWNER_NAME,RANK,Rankin Borough
OWNER_NAME,Ross Township - for show only,OWNER_NAME,ROSS,Ross Township
OWNER_NAME,Sharpsburg Borough,OWNER_NAME,SHAR,Sharpsburg Borough
OWNER_NAME,State ?,OWNER_NAME,UNKN,Unknown Owner
OWNER_NAME,Swissvale Borough,OWNER_NAME,SWIS,Swissvale Borough
OWNER_NAME,Trafford Borough,OWNER_NAME,TRAF,Trafford Borough
OWNER_NAME,Turtle Creek,OWNER_NAME,TCRE,Turtle Creek Borough
OWNER_NAME,Turtle Creek Borough,OWNER_NAME,TCRE,Turtle Creek Borough
OWNER_NAME,TurtleCreek,OWNER_NAME,TCRE,Turtle Creek Borough
OWNER_NAME,U. S. Steel,OWNER_NAME,PCOM,Private - Commercial
OWNER_NAME,Utility,OWNER_NAME,Utility,Utility
OWNER_NAME,Wall Borough,OWNER_NAME,WALL,Wall Borough
OWNER_NAME,Wall_Borough,OWNER_NAME,WALL,Wall Borough
OWNER_NAME,West Homestead Borough,OWNER_NAME,WHOM,West Homestead Borough
OWNER_NAME,West View Borough,OWNER_NAME,WVIE,West View Borough
OWNER_NAME,Western Westmoreland Municipal Authority,OWNER_NAME,WWMA,Western Westmoreland Municipal Authority
OWNER_NAME,White Oak Borough,OWNER_NAME,WHOB,White Oak Borough
OWNER_NAME,Wilkins,OWNER_NAME,WILT,Wilkins Township
OWNER_NAME,Wilkins Township,OWNER_NAME,WILT,Wilkins Township
OWNER_NAME,Wilkinsburg Borough,OWNER_NAME,WILK,Wilkinsburg Borough
OWNER_NAME,Wilmerding Borough,OWNER_NAME,WILM,Wilmerding Borough
OWNER_NAME,,OWNER_NAME,,
PIPE_MATR,0,PIPE_MATL,,
PIPE_MATR, ,PIPE_MATL,,
PIPE_MATR,AC,PIPE_MATL,AC,asbestos cement
PIPE_MATR,ACP,PIPE_MATL,AC,asbestos cement
PIPE_MATR,asbestos cement,PIPE_MATL,AC,asbestos cement
PIPE_MATR,BR,PIPE_MATL,BR,brick
PIPE_MATR,Braddock Hills Connection,PIPE_MATL,UK,unknown
PIPE_MATR,Brick,PIPE_MATL,BR,brick
PIPE_MATR,brick,PIPE_MATL,BR,brick
PIPE_MATR,BRK,PIPE_MATL,BR,brick
PIPE_MATR,CAS,PIPE_MATL,CAS,cast iron
PIPE_MATR,Cast Iron,PIPE_MATL,CAS,cast iron
PIPE_MATR,CI,PIPE_MATL,CAS,cast iron
PIPE_MATR,CIP,PIPE_MATL,CIP,cured in place
PIPE_MATR,CIPP,PIPE_MATL,CIP,cured in place
PIPE_MATR,CIPP over ACP,PIPE_MATL,,
PIPE_MATR,CMP,PIPE_MATL,CMP,corrugated metal pipe
PIPE_MATR,Conc,PIPE_MATL,CP,concrete pipe (non-reinforced)
PIPE_MATR,Concrete,PIPE_MATL,CP,concrete pipe (non-reinforced)
PIPE_MATR,CP,PIPE_MATL,CP,concrete pipe (non-reinforced)
PIPE_MATR,CPP,PIPE_MATL,CP,concrete pipe (non-reinforced)
PIPE_MATR,CT,PIPE_MATL,CT,clay tile
PIPE_MATR,D I P,PIPE_MATL,DIP,ductile iron pipe
PIPE_MATR,DIP,PIPE_MATL,DIP,ductile iron pipe
PIPE_MATR,ductile iron,PIPE_MATL,DIP,ductile iron pipe
PIPE_MATR,Ductile Iron,PIPE_MATL,DIP,ductile iron pipe
PIPE_MATR,Ductile Iron Pipe,PIPE_MATL,DIP,ductile iron pipe
PIPE_MATR,HDPE,PIPE_MATL,HDPE,hdpe
PIPE_MATR,n / a,PIPE_MATL,NA,not applicable
PIPE_MATR,na,PIPE_MATL,NA,not applicable
PIPE_MATR,P V C,PIPE_MATL,PVC ,polyvinyl chloride
PIPE_MATR,polyvinyl chloride,PIPE_MATL,PVC ,polyvinyl chloride
PIPE_MATR,PVC,PIPE_MATL,PVC ,polyvinyl chloride
PIPE_MATR,PVC / VCP,PIPE_MATL,PVC-VCP,polyvinyl chloride / vitrified clay pipe
PIPE_MATR,"PVC, VCP",PIPE_MATL,PVC-VCP,polyvinyl chloride / vitrified clay pipe
PIPE_MATR,R C P,PIPE_MATL,RCP ,reinforced concrete pipe
PIPE_MATR,R P M,PIPE_MATL,RPM  ,reinforced plastic pipe -truss pipe
PIPE_MATR,RCP,PIPE_MATL,RCP ,reinforced concrete pipe
PIPE_MATR,reinforced concrete,PIPE_MATL,RCP ,reinforced concrete pipe
PIPE_MATR,RPM,PIPE_MATL,RPM  ,reinforced plastic pipe -truss pipe
PIPE_MATR,Steel,PIPE_MATL,SP ,steel pipe
PIPE_MATR,Swissvale Connection,PIPE_MATL,UK,unknown
PIPE_MATR,TTE,PIPE_MATL,TTE ,transite pipe
PIPE_MATR,V C P,PIPE_MATL,VCP ,vitrified clay pipe
PIPE_MATR,VCP,PIPE_MATL,VCP ,vitrified clay pipe
PIPE_MATR,VCp,PIPE_MATL,VCP ,vitrified clay pipe
PIPE_MATR,VCP (vitrified clay pipe),PIPE_MATL,VCP ,vitrified clay pipe
PIPE_MATR,VCP / CIP,PIPE_MATL,VCP-CIP,vcp-cip
PIPE_MATR,VCP / PVC,PIPE_MATL,VCP-PVC,vcp-pvc
PIPE_MATR,VCP/DIP/CIP,PIPE_MATL,VCP-DIP-CIP,vcp-dip-cip
PIPE_MATR,vitrified clay,PIPE_MATL,VCP ,vitrified clay pipe
PIPE_MATR,,PIPE_MATL,,
PIPE_SUBT1, ,SUBTYPE_LN,,
PIPE_SUBT1,Capped,SUBTYPE_LN,CAP,capped
PIPE_SUBT1,Collector,SUBTYPE_LN,COL,collector pipe
PIPE_SUBT1,Collector ?,SUBTYPE_LN,COL,collector pipe
PIPE_SUBT1,Connector,SUBTYPE_LN,,
PIPE_SUBT1,Culvert,SUBTYPE_LN,CLVT,culvert
PIPE_SUBT1,Drop Pipe,SUBTYPE_LN,DP,drop pipe
PIPE_SUBT1,Force Main,SUBTYPE_LN,FM,force main
PIPE_SUBT1,Inlet,SUBTYPE_LN,CB,catch basin
PIPE_SUBT1,INT (interceptor),SUBTYPE_LN,INT,interceptor
PIPE_SUBT1,INT(interceptor),SUBTYPE_LN,INT,interceptor
PIPE_SUBT1,Interceptor,SUBTYPE_LN,INT,interceptor
PIPE_SUBT1,Lateral,SUBTYPE_LN,LAT,lateral
PIPE_SUBT1,Lateral ?,SUBTYPE_LN,LAT,lateral
PIPE_SUBT1,n / a,SUBTYPE_LN,NA,not applicable
PIPE_SUBT1,na,SUBTYPE_LN,NA,not applicable
PIPE_SUBT1,No Pipe,SUBTYPE_LN,NONE,none
PIPE_SUBT1,Outfall,SUBTYPE_LN,OF,outfall/discharge
PIPE_SUBT1,Relief,SUBTYPE_LN,RF,relief
PIPE_SUBT1,Siphon,SUBTYPE_LN,SIP,siphon
PIPE_SUBT1,Storm,SUBTYPE_LN,STM,stormwater
PIPE_SUBT1,Stormwater,SUBTYPE_LN,STM,stormwater
PIPE_SUBT1,Stormwater Collector,SUBTYPE_LN,STM,stormwater
PIPE_SUBT1,Stub,SUBTYPE_LN,STUB,stub
PIPE_SUBT1,TRU (trunkline),SUBTYPE_LN,TRU,trunk
PIPE_SUBT1,Trunk,SUBTYPE_LN,TRU,trunk
PIPE_SUBT1,Trunkline,SUBTYPE_LN,TRU,trunk
PIPE_SUBT1,Trunklline,SUBTYPE_LN,TRU,trunk
PIPE_SUBT1,,SUBTYPE_LN,,
SUB_NET, ,TYPE_LN,,
SUB_NET,Abandoned,TYPE_LN,ABND,abandoned
SUB_NET,ABN (Abandoned),TYPE_LN,ABND,abandoned
SUB_NET,Access,TYPE_LN,ZZ,other
SUB_NET,Access Point,TYPE_LN,ZZ,other
SUB_NET,Access/Lateral,TYPE_LN,LAT,lateral
SUB_NET,Acess,TYPE_LN,ZZ,other
SUB_NET,Beginning,TYPE_LN,BOP,beginning of pipe
SUB_NET,Capped,TYPE_LN,CAP,capped
SUB_NET,Capped Line,TYPE_LN,CAP,capped
SUB_NET,CCTV ONlY,TYPE_LN,NA,not applicable
SUB_NET,COL (Collector),TYPE_LN,COL,collector pipe
SUB_NET,COL (collector),TYPE_LN,COL,collector pipe
SUB_NET,Collection,TYPE_LN,COL,collector pipe
SUB_NET,collector,TYPE_LN,COL,collector pipe
SUB_NET,Collector,TYPE_LN,COL,collector pipe
SUB_NET,Diversion Structure,TYPE_LN,DS,diversion structure
SUB_NET,Flush Line,TYPE_LN,FL,flush line
SUB_NET,FM (force main),TYPE_LN,FM,force main
SUB_NET,Force Main,TYPE_LN,FM,force main
SUB_NET,Inlet Lateral,TYPE_LN,CB-LAT,catch basin lateral
SUB_NET,INT,TYPE_LN,INT,interceptor
SUB_NET,INT (interceptor),TYPE_LN,INT,interceptor
SUB_NET,INT(interceptor),TYPE_LN,INT,interceptor
SUB_NET,interceptor,TYPE_LN,INT,interceptor
SUB_NET,Interceptor,TYPE_LN,INT,interceptor
SUB_NET,Lat (lateral),TYPE_LN,LAT,lateral
SUB_NET,LAT (Lateral),TYPE_LN,LAT,lateral
SUB_NET,LAT (lateral),TYPE_LN,LAT,lateral
SUB_NET,Lateral,TYPE_LN,LAT,lateral
SUB_NET,Lateral ?,TYPE_LN,LAT,lateral
SUB_NET,Lateral-FM,TYPE_LN,LAT-FM,lateral (force main)
SUB_NET,n / a,TYPE_LN,NA,not applicable
SUB_NET,n \ a,TYPE_LN,NA,not applicable
SUB_NET,na,TYPE_LN,NA,not applicable
SUB_NET,OF (outfall),TYPE_LN,OF,outfall/discharge
SUB_NET,Overflow,TYPE_LN,OVF,overflow
SUB_NET,overflow,TYPE_LN,OVF,overflow
SUB_NET,Proposed,TYPE_LN,PROP,proposed (new)
SUB_NET,Regulator,TYPE_LN,REG,regulator
SUB_NET,Relief,TYPE_LN,RF,relief
SUB_NET,Restrictor,TYPE_LN,RST,restrictor
SUB_NET,RF (relief),TYPE_LN,RF,relief
SUB_NET,Separate Sanitary,TYPE_LN,SS,separate sanitary
SUB_NET,Stub,TYPE_LN,STUB,stub
SUB_NET,Stub - Capped,TYPE_LN,STUB,stub
SUB_NET,Surge - Relief,TYPE_LN,RF,relief
SUB_NET,Telephone,TYPE_LN,UT,utility
SUB_NET,TRU (trunk),TYPE_LN,TRU,trunk
SUB_NET,TRU (trunkline),TYPE_LN,TRU,trunk
SUB_NET,TRU (trunklline),TYPE_LN,TRU,trunk
SUB_NET,Trunkline,TYPE_LN,TRU,trunk
SUB_NET,"Trunkline 8""",TYPE_LN,TRU,trunk
SUB_NET,Underdrain ?,TYPE_LN,UK,unknown
SUB_NET,Underground,TYPE_LN,ZZ,other
SUB_NET,UT (utility),TYPE_LN,UT,utility
SUB_NET,Water,TYPE_LN,W,water
SUB_NET,,TYPE_LN,,
REL_GRADE, ,REL_GRADE,,
REL_GRADE,Above,REL_GRADE,Above,above
REL_GRADE,Adjust,REL_GRADE,Adjusted,adjusted
REL_GRADE,Below,REL_GRADE,Below,below
REL_GRADE,Buried,REL_GRADE,Buried,buried
REL_GRADE,CVB,REL_GRADE,ZZ,other
REL_GRADE,Exposed,REL_GRADE,Exposed,exposed
REL_GRADE,flush,REL_GRADE,Flush,flush
REL_GRADE,Flush,REL_GRADE,Flush,flush
REL_GRADE,in wall,REL_GRADE,ZZ,other
REL_GRADE,Level,REL_GRADE,Level,level
REL_GRADE,Low,REL_GRADE,ZZ,other
REL_GRADE,n / a,REL_GRADE,NA,not applicable
REL_GRADE,na,REL_GRADE,NA,not applicable
REL_GRADE,under water,REL_GRADE,Underwater,underwater
REL_GRADE,Underwater,REL_GRADE,Underwater,underwater
REL_GRADE,unknown,REL_GRADE,UK,unknown
REL_GRADE,Unknown,REL_GRADE,UK,unknown
REL_GRADE,,REL_GRADE,,
STRCT_STAT,0,STATUS_PT,UK,unknown
STRCT_STAT, ,STATUS_PT,,
STRCT_STAT, In-Active,STATUS_PT,INAC,inactive
STRCT_STAT,?,STATUS_PT,UK,unknown
STRCT_STAT,Abandoned,STATUS_PT,ABND,abandoned
STRCT_STAT,abandoned,STATUS_PT,ABND,abandoned
STRCT_STAT,ABN,STATUS_PT,ABND,abandoned
STRCT_STAT,ABN (abandonded),STATUS_PT,ABND,abandoned
STRCT_STAT,ABN (abandoned),STATUS_PT,ABND,abandoned
STRCT_STAT,Access,STATUS_PT,ACTV,active
STRCT_STAT,ACT (active),STATUS_PT,ACTV,active
STRCT_STAT,Active,STATUS_PT,ACTV,active
STRCT_STAT,active,STATUS_PT,ACTV,active
STRCT_STAT,Did Not Find,STATUS_PT,UK,unknown
STRCT_STAT,IN (inactive),STATUS_PT,INAC,inactive
STRCT_STAT,INA (inactive),STATUS_PT,INAC,inactive
STRCT_STAT,InActive,STATUS_PT,INAC,inactive
STRCT_STAT,In-active,STATUS_PT,INAC,inactive
STRCT_STAT,in-active,STATUS_PT,INAC,inactive
STRCT_STAT,In-Active,STATUS_PT,INAC,inactive
STRCT_STAT,INT (interceptor),STATUS_PT,ACTV,active
STRCT_STAT,n / a,STATUS_PT,NA,not applicable
STRCT_STAT,n/a,STATUS_PT,NA,not applicable
STRCT_STAT,na,STATUS_PT,NA,not applicable
STRCT_STAT,notFound,STATUS_PT,UK,unknown
STRCT_STAT,Semi-Active,STATUS_PT,ACTV,active
STRCT_STAT,Used for Access,STATUS_PT,ACTV,active
STRCT_STAT,"Verified, Buried",STATUS_PT,ACTV,active
STRCT_STAT,Wye for House,STATUS_PT,ACTV,active
STRCT_STAT,,STATUS_PT,,
STRUCT_TYP, ,TYPE_PT,,
STRUCT_TYP,Access Tee,TYPE_PT,,
STRUCT_TYP,AJB,TYPE_PT,AJB,junction box
STRUCT_TYP,BL (building),TYPE_PT,BLD,building
STRUCT_TYP,Cap,TYPE_PT,CAP,capped
STRUCT_TYP,Capped,TYPE_PT,CAP,capped
STRUCT_TYP,Catch Basin,TYPE_PT,CB,catch basin
STRUCT_TYP,Catch Basin Top,TYPE_PT,CB,catch basin
STRUCT_TYP,CB (cach basin),TYPE_PT,CB,catch basin
STRUCT_TYP,CB (catch basin),TYPE_PT,CB,catch basin
STRUCT_TYP,Chamber,TYPE_PT,CH,chamber
STRUCT_TYP,Clean Out,TYPE_PT,ACO,cleanout
STRUCT_TYP,clean out,TYPE_PT,ACO,cleanout
STRUCT_TYP,Cleanout,TYPE_PT,ACO,cleanout
STRUCT_TYP,Clean-Out,TYPE_PT,ACO,cleanout
STRUCT_TYP,CO (cleanout),TYPE_PT,ACO,cleanout
STRUCT_TYP,Culvert,TYPE_PT,CLVT,culvert
STRUCT_TYP,DC Only,TYPE_PT,DC,direct connection
STRUCT_TYP,Diversion,TYPE_PT,DS,diversion structure
STRUCT_TYP,Diversion Structure,TYPE_PT,DS,diversion structure
STRUCT_TYP,Double Flush Tank,TYPE_PT,DFT,double flush tank
STRUCT_TYP,DP,TYPE_PT,DP,outfall/discharge point
STRUCT_TYP,DP (discharge pipe),TYPE_PT,DP,outfall/discharge point
STRUCT_TYP,DP (discharge point),TYPE_PT,DP,outfall/discharge point
STRUCT_TYP,DP (discharge) point),TYPE_PT,DP,outfall/discharge point
STRUCT_TYP,EOP (end of pipe),TYPE_PT,EOP,end of pipe
STRUCT_TYP,Grease Trap,TYPE_PT,GT,grease trap
STRUCT_TYP,HDW (headwall),TYPE_PT,HDW,headwall
STRUCT_TYP,Information Only,TYPE_PT,NA,not applicable
STRUCT_TYP,Lamphole,TYPE_PT,LH,lamphole
STRUCT_TYP,LH (lamphole),TYPE_PT,LH,lamphole
STRUCT_TYP,Manhole,TYPE_PT,MH,manhole
STRUCT_TYP,manhole,TYPE_PT,MH,manhole
STRUCT_TYP,Manhole ?,TYPE_PT,MH,manhole
STRUCT_TYP,MH,TYPE_PT,MH,manhole
STRUCT_TYP,Mh (manhole),TYPE_PT,MH,manhole
STRUCT_TYP,MH (manhole),TYPE_PT,MH,manhole
STRUCT_TYP,N (none),TYPE_PT,NA,not applicable
STRUCT_TYP,None,TYPE_PT,NA,not applicable
STRUCT_TYP,none,TYPE_PT,NA,not applicable
STRUCT_TYP,PS (pump station),TYPE_PT,PS,pump/facility
STRUCT_TYP,Tee Connection,TYPE_PT,ATC,tee connection
STRUCT_TYP,Unknown,TYPE_PT,UK,unknown
STRUCT_TYP,Valve,TYPE_PT,VLV,valve
STRUCT_TYP,Wye,TYPE_PT,WYE,wye connection
STRUCT_TYP,WYE (wye),TYPE_PT,WYE,wye connection
STRUCT_TYP,,TYPE_PT,,
SUB_STRCT,Clean Out,SUBTYPE_PT,ACO,cleanout
SUB_STRCT,Cleanout,SUBTYPE_PT,ACO,cleanout
SUB_STRCT,CO (cleanout),SUBTYPE_PT,ACO,cleanout
SUB_STRCT,Alcosan Connection,SUBTYPE_PT,ACSA,alcosan connection
SUB_STRCT,Air Release,SUBTYPE_PT,AR,air release
SUB_STRCT,AC (acess point),SUBTYPE_PT,AS,access shaft
SUB_STRCT,ACC (access tee only),SUBTYPE_PT,AS,access shaft
SUB_STRCT,Access,SUBTYPE_PT,AS,access shaft
SUB_STRCT,Access Point,SUBTYPE_PT,AS,access shaft
SUB_STRCT,Wet Well,SUBTYPE_PT,AWW,wet well
SUB_STRCT,WW (wet well),SUBTYPE_PT,AWW,wet well
SUB_STRCT,BD (bend in pipe),SUBTYPE_PT,BEND,bend
SUB_STRCT,Begin,SUBTYPE_PT,BOP,beginning of pipe
SUB_STRCT,Beginning,SUBTYPE_PT,BOP,beginning of pipe
SUB_STRCT,Beginning of Pipe,SUBTYPE_PT,BOP,beginning of pipe
SUB_STRCT,BeginPt,SUBTYPE_PT,BOP,beginning of pipe
SUB_STRCT,Begin-Pt,SUBTYPE_PT,BOP,beginning of pipe
SUB_STRCT,CH (chamber),SUBTYPE_PT,CH,chamber
SUB_STRCT,Chamber,SUBTYPE_PT,CH,chamber
SUB_STRCT,Crown,SUBTYPE_PT,CRWN,crown
SUB_STRCT,CSO (combined overflow),SUBTYPE_PT,CSO,combined sewer overflow
SUB_STRCT,CSO (combined sewer overflow),SUBTYPE_PT,CSO,combined sewer overflow
SUB_STRCT,CSO/Outfall,SUBTYPE_PT,CSO,combined sewer overflow
SUB_STRCT,Control,SUBTYPE_PT,CTRL,control
SUB_STRCT,DC (Bend in pipe with fitting),SUBTYPE_PT,DC,direct connection
SUB_STRCT,DC (direct connection),SUBTYPE_PT,DC,direct connection
SUB_STRCT,DC053 is Inlet-394,SUBTYPE_PT,DC,direct connection
SUB_STRCT,DCE (end of pipe),SUBTYPE_PT,DCE,"direct connection, end of pipe"
SUB_STRCT,"DCE (end of pipe, no access)",SUBTYPE_PT,DCE,"direct connection, end of pipe"
SUB_STRCT,"DCE (end of pipe,)",SUBTYPE_PT,DCE,"direct connection, end of pipe"
SUB_STRCT,"DCE (end of pipe,unknown)",SUBTYPE_PT,DCE,"direct connection, end of pipe"
SUB_STRCT,DCE (End with access),SUBTYPE_PT,DCE,"direct connection, end of pipe"
SUB_STRCT,DCE (end. no access),SUBTYPE_PT,DCE,"direct connection, end of pipe"
SUB_STRCT,DCM (direct conn Main),SUBTYPE_PT,DCM,"direct connection, mainline"
SUB_STRCT,DCM (direct conn main),SUBTYPE_PT,DCM,"direct connection, mainline"
SUB_STRCT,DCM (direct conn to main),SUBTYPE_PT,DCM,"direct connection, mainline"
SUB_STRCT,DCM (direct connection to main),SUBTYPE_PT,DCM,"direct connection, mainline"
SUB_STRCT,DCM (direct connection to mainline),SUBTYPE_PT,DCM,"direct connection, mainline"
SUB_STRCT,DCM (direct connection),SUBTYPE_PT,DCM,"direct connection, mainline"
SUB_STRCT,DCM (Direct Mainline Connection),SUBTYPE_PT,DCM,"direct connection, mainline"
SUB_STRCT,DCM (direct to main),SUBTYPE_PT,DCM,"direct connection, mainline"
SUB_STRCT,DCM (dirrect connection to main),SUBTYPE_PT,DCM,"direct connection, mainline"
SUB_STRCT,DFT (double flush tank),SUBTYPE_PT,DFT,double flush tank
SUB_STRCT,Double Flush Tank,SUBTYPE_PT,DFT,double flush tank
SUB_STRCT,DP (discharge point),SUBTYPE_PT,DP,outfall/discharge point
SUB_STRCT,Diversion,SUBTYPE_PT,DS,diversion structure
SUB_STRCT,Diversion Structure,SUBTYPE_PT,DS,diversion structure
SUB_STRCT,DS (diversion structure),SUBTYPE_PT,DS,diversion structure
SUB_STRCT,DS (Diversion Structure),SUBTYPE_PT,DS,diversion structure
SUB_STRCT,DS (diversion),SUBTYPE_PT,DS,diversion structure
SUB_STRCT,DS (dual box culverts to single pipe),SUBTYPE_PT,DS,diversion structure
SUB_STRCT,Cap,SUBTYPE_PT,EOP,end of pipe
SUB_STRCT,CAP (capped off),SUBTYPE_PT,EOP,end of pipe
SUB_STRCT,"Capped end of pipe, no access",SUBTYPE_PT,EOP,end of pipe
SUB_STRCT,End of Pipe,SUBTYPE_PT,EOP,end of pipe
SUB_STRCT,Flow Split,SUBTYPE_PT,FS,flow split
SUB_STRCT,Split,SUBTYPE_PT,FS,flow split
SUB_STRCT,Split - Overflow,SUBTYPE_PT,FSO,"flow split, overflow"
SUB_STRCT,Flush Tank,SUBTYPE_PT,FT,flush tank
SUB_STRCT,FT (flush Tank),SUBTYPE_PT,FT,flush tank
SUB_STRCT,Grinder Pump,SUBTYPE_PT,GP,grinder pump
SUB_STRCT,Grease Trap,SUBTYPE_PT,GT,grease trap
SUB_STRCT,HDW (headwall),SUBTYPE_PT,HDW,headwall
SUB_STRCT,IMC (inter-muncipal),SUBTYPE_PT,IMC,intermunicipal connection
SUB_STRCT,IMC (inter-munic conn),SUBTYPE_PT,IMC,intermunicipal connection
SUB_STRCT,IMC (inter-municipal ),SUBTYPE_PT,IMC,intermunicipal connection
SUB_STRCT,IMC (intermunicipal conn),SUBTYPE_PT,IMC,intermunicipal connection
SUB_STRCT,IMC (intermunicipal connection),SUBTYPE_PT,IMC,intermunicipal connection
SUB_STRCT,IMC (inter-municipal connection),SUBTYPE_PT,IMC,intermunicipal connection
SUB_STRCT,IMC (inter-municipal),SUBTYPE_PT,IMC,intermunicipal connection
SUB_STRCT,IMC (inter-municpal connection),SUBTYPE_PT,IMC,intermunicipal connection
SUB_STRCT,JUN (junction),SUBTYPE_PT,JT,junction
SUB_STRCT,Junction,SUBTYPE_PT,JT,junction
SUB_STRCT,Lat (lateral),SUBTYPE_PT,LAT,lateral
SUB_STRCT,LAT (lateral),SUBTYPE_PT,LAT,lateral
SUB_STRCT,LAT (lateral) Private,SUBTYPE_PT,LAT,lateral
SUB_STRCT,Lateral,SUBTYPE_PT,LAT,lateral
SUB_STRCT,End of Camera run,SUBTYPE_PT,NA,not applicable
SUB_STRCT,For Show Only,SUBTYPE_PT,NA,not applicable
SUB_STRCT,N (none),SUBTYPE_PT,NA,not applicable
SUB_STRCT,n \ a,SUBTYPE_PT,NA,not applicable
SUB_STRCT,none,SUBTYPE_PT,NA,not applicable
SUB_STRCT,SO (show only),SUBTYPE_PT,NA,not applicable
SUB_STRCT,VIS (visual Only),SUBTYPE_PT,NA,not applicable
SUB_STRCT,VIS (visual reference only),SUBTYPE_PT,NA,not applicable
SUB_STRCT,PD (pump Discharge),SUBTYPE_PT,PD,pump discharge
SUB_STRCT,Private,SUBTYPE_PT,PRIV,private
SUB_STRCT,Proposed,SUBTYPE_PT,PROP,proposed (new)
SUB_STRCT,PumpStation,SUBTYPE_PT,PS,pump/facility
SUB_STRCT,REG (regulator),SUBTYPE_PT,RG,regulator
SUB_STRCT,Regulator,SUBTYPE_PT,RG,regulator
SUB_STRCT,Single Flush Tank,SUBTYPE_PT,SFT,single flush tank
SUB_STRCT,TG (tide gate),SUBTYPE_PT,TG,tide gate
SUB_STRCT,Trunkline,SUBTYPE_PT,TRU,trunk
SUB_STRCT,Underground Chamber - No access from top,SUBTYPE_PT,UCH,underground chamber
SUB_STRCT,Abandoned,SUBTYPE_PT,UK,unknown
SUB_STRCT,Unknown,SUBTYPE_PT,UK,unknown
SUB_STRCT,Vortex Chamber,SUBTYPE_PT,VC,vortex chamber
SUB_STRCT,Valve,SUBTYPE_PT,VLV,valve
SUB_STRCT,Box Culvert Begins,SUBTYPE_PT,ZZ,other
SUB_STRCT,DNF,SUBTYPE_PT,ZZ,other
SUB_STRCT,Int,SUBTYPE_PT,ZZ,other
SUB_STRCT,Material Change,SUBTYPE_PT,ZZ,other
SUB_STRCT,Old Coal Chute ?,SUBTYPE_PT,ZZ,other
SUB_STRCT,Pipe Siz Change,SUBTYPE_PT,ZZ,other
SUB_STRCT,PMC (pipe material change),SUBTYPE_PT,ZZ,other
SUB_STRCT,PSC (pipe size change),SUBTYPE_PT,ZZ,other
SUB_STRCT, ,SUBTYPE_PT,,
SUB_STRCT,,SUBTYPE_PT,,
TREAT_FAC, ,,,
TREAT_FAC,Alcosan,,ACSA,Allegheny County Sanitary Authority
TREAT_FAC,AlleghenyCountySanitaryAuthority,,ACSA,Allegheny County Sanitary Authority
TREAT_FAC,DUPLICATE - for CCTV only,,NA,Not Applicable
TREAT_FAC,Municipal Authority of the City of McKeesport,,MACM,Municipal Authority of the City of McKeesport
TREAT_FAC,N (none),,NONE,NONE
TREAT_FAC,n / a,,NA,Not Applicable
TREAT_FAC,None,,NONE,NONE
TREAT_FAC,none,,NONE,NONE
TREAT_FAC,Proposed,,NA,Not Applicable
TREAT_FAC,SO (show only),,NA,Not Applicable
TREAT_FAC,SW (Stormwater),,NA,Not Applicable
TREAT_FAC,,,,
PIPE_SHP,,PIPE_SHAPE,,
PIPE_SHP, ,PIPE_SHAPE,,
PIPE_SHP,C,PIPE_SHAPE,C,circular
PIPE_SHP,E (eggshaped),PIPE_SHAPE,E,egg shaped
PIPE_SHP,Oval,PIPE_SHAPE,O,oval
PIPE_SHP,Arched,PIPE_SHAPE,A,arched
PIPE_SHP,0,PIPE_SHAPE,UK,unknown
PIPE_SHP,na,PIPE_SHAPE,NA,not applicable
PIPE_SHP,TRU (trunkline),PIPE_SHAPE,UK,unknown
PIPE_SHP,S (square),PIPE_SHAPE,S,square
PIPE_SHP,n / a,PIPE_SHAPE,NA,not applicable
PIPE_SHP,C (circular),PIPE_SHAPE,C,circular
PIPE_SHP,Square,PIPE_SHAPE,S,square
PIPE_SHP,Gate,PIPE_SHAPE,G,gate
PIPE_SHP,E (egg shaped),PIPE_SHAPE,E,egg shaped
PIPE_SHP,Hourseshoe,PIPE_SHAPE,H,horseshoe
PIPE_SHP,Barrel,PIPE_SHAPE,B,barrel
PIPE_SHP,circular,PIPE_SHAPE,C,circular
PIPE_SHP,E (egg shapped),PIPE_SHAPE,E,egg shaped
PIPE_SHP,Channel,PIPE_SHAPE,CH,channel
PIPE_SHP,Circular,PIPE_SHAPE,C,circular
